{"A": {"is_drift": 0, "distance": 0.014610260725021362, "p_val": 0.9897375106811523, "threshold": 0.05}, "B": {"is_drift": 0, "distance": 0.021205108612775803, "p_val": 0.8086158037185669, "threshold": 0.05}, "C": {"is_drift": 0, "distance": 0.03265343979001045, "p_val": 0.2905426621437073, "threshold": 0.05}, "D": {"is_drift": 0, "distance": 0.009740953333675861, "p_val": 0.9999932646751404, "threshold": 0.05}, "E": {"is_drift": 0, "distance": 0.014330103993415833, "p_val": 0.9918228387832642, "threshold": 0.05}, "F": {"is_drift": 0, "distance": 0.013129634782671928, "p_val": 0.9974135756492615, "threshold": 0.05}, "G": {"is_drift": 0, "distance": 0.00429550651460886, "p_val": 1.0, "threshold": 0.05}, "H": {"is_drift": 0, "distance": 0.0027433126233518124, "p_val": 1.0, "threshold": 0.05}, "I": {"is_drift": 0, "distance": 0.006130375899374485, "p_val": 1.0, "threshold": 0.05}, "J": {"is_drift": 0, "distance": 0.007529004942625761, "p_val": 1.0, "threshold": 0.05}, "L": {"is_drift": 0, "distance": 0.02312035672366619, "p_val": 0.7172338366508484, "threshold": 0.05}, "M": {"is_drift": 0, "distance": 0.006425278261303902, "p_val": 1.0, "threshold": 0.05}, "N": {"is_drift": 0, "distance": 0.005867660511285067, "p_val": 1.0, "threshold": 0.05}, "O": {"is_drift": 0, "distance": 0.003178473562002182, "p_val": 1.0, "threshold": 0.05}, "P": {"is_drift": 0, "distance": 0.023529263213276863, "p_val": 0.6968521475791931, "threshold": 0.05}, "Q": {"is_drift": 0, "distance": 0.013618201948702335, "p_val": 0.9957072734832764, "threshold": 0.05}, "R": {"is_drift": 0, "distance": 0.005740528926253319, "p_val": 1.0, "threshold": 0.05}, "S": {"is_drift": 0, "distance": 0.023414360359311104, "p_val": 0.7025968432426453, "threshold": 0.05}, "Monto": {"is_drift": 0, "distance": 0.03440774977207184, "p_val": 0.2355356067419052, "threshold": 0.05}}